,title,views,category,link
0,"49ers' George Kittle on Jimmy Garoppolo, Trey Lance & NFL Top 100 ranking | Richard Sherman Podcast",21805,Sports,https://www.youtube.com/embed/_jUnAKekVkU
1,PWK - NASI UDUK MERAH PESUGIHAN YANG BIKIN BINGUNG SEMUA ORANG,302043,News & Politics,https://www.youtube.com/embed/n4WkOeBNIvc
2,Mooroo Podcast #60 Suneel Sarfraz Munj,35127,People & Blogs,https://www.youtube.com/embed/atygrkDwCLo
3,"@Dr Brian Keating: Big Bang Theory, Alien Life, Cosmology, Nobel Prize | Abhijit Chavda Podcast 18",0,People & Blogs,https://www.youtube.com/embed/OFNQe96iOOM
4,Dr. Emily Balcetis: Tools for Setting & Achieving Goals | Huberman Lab Podcast #83,211844,Science & Technology,https://www.youtube.com/embed/7YGZZcXqKxE
5,Change Your Brain: Neuroscientist Dr. Andrew Huberman | Rich Roll Podcast,11715592,People & Blogs,https://www.youtube.com/embed/SwQhKFMxmDY
6,"Bihar, Pyaar Aur Bollywood Ki Kahaniyaan - Pankaj Tripathi | The Ranveer Show à¤¹à¤¿à¤‚à¤¦à¥€ 106",957801,Howto & Style,https://www.youtube.com/embed/c-muF16kLSQ
7,Joe's Thoughts on Rumored Jake Paul vs. Anderson Silva Fight,252649,People & Blogs,https://www.youtube.com/embed/M6B-XYmHCf0
8,Improve Your English Listening Skill With Podcasts!,215570,Education,https://www.youtube.com/embed/fpELQzi-kgE
9,Don Lemon on Meghan's 'eye-opening' podcast on race,161464,News & Politics,https://www.youtube.com/embed/LmVMwmfHs2M
10,Sirf Future Ke Crorepati Yeh Podcast Dekhenge ft. Hitesh Choudhary | The Ranveer Show à¤¹à¤¿à¤‚à¤¦à¥€ 89,620765,Howto & Style,https://www.youtube.com/embed/4CXcK7f8FZE
11,"Simple Ken Podcast | EP 33 - Facing Reality Feat. Prashasti, Shamik Chakrabarti & Shreeja Chaturvedi",183857,Comedy,https://www.youtube.com/embed/6AnUtT0EZH4
12,"YOU ARE STRONG - Anyone Who Feels Stressed & Anxious, WATCH THIS! | Lili Reinhart & Jay Shetty",143743,Education,https://www.youtube.com/embed/94kQCoVzJrQ
13,"""This Is Why You're Lazy & Can't Focus"" - FIX THIS TODAY! | Dr. Andrew Huberman",830090,Entertainment,https://www.youtube.com/embed/NKyyF9MQXn4
14,"Ghosts, Demons & Hauntings - Paranormal Expert Neil D'Silva | The Ranveer Show 230",814191,People & Blogs,https://www.youtube.com/embed/E66-A_FF-Sc
15,"@Gaur Gopal Das On His Childhood, Relationships, Life Lessons And Spirituality | The Ranveer Show 38",3182370,People & Blogs,https://www.youtube.com/embed/sBH-ngpL0zo
16,Joe Rogan Experience #1169 - Elon Musk,62031553,People & Blogs,https://www.youtube.com/embed/ycPr5-27vSI
17,Laughter Queen | Bharti Singh | Gripping untold stories | The Maniesh Paul Podcast #5,2703178,Entertainment,https://www.youtube.com/embed/LNqJfZZGIkw
18,"""This ONE SECRET Will Make You SUCCESSFUL In Life!"" | Priyanka Chopra Jonas & Jay Shetty",1213471,Education,https://www.youtube.com/embed/Il5BIBTwl3c
19,How To Build Awesome Habits: James Clear | Rich Roll Podcast,1938605,People & Blogs,https://www.youtube.com/embed/s9uDVVWN_ZE
20,AIB Podcast : feat. Shah Rukh Khan (Part 01),9304915,Entertainment,https://www.youtube.com/embed/5LFdcZe7WW4
21,"4 Vedas - Tantra, Healing, Black Magic & Mantras | Dr. Radhakrishnan Pillai | The Ranveer Show 222",620930,People & Blogs,https://www.youtube.com/embed/g2NP_afwR-I
22,Joe Rogan Experience #1309 - Naval Ravikant,8618257,People & Blogs,https://www.youtube.com/embed/3qHkcs3kG44
23,The Most MOTIVATIONAL Podcast Ever ðŸ”¥ðŸ”¥ | Aman Dhattarwal On The Ranveer Show à¤¹à¤¿à¤‚à¤¦à¥€ 19,2377993,Howto & Style,https://www.youtube.com/embed/D2aQTHZPhMo
24,Gersnet Podcast 196 - Old Firm Opprobrium,3108,Sports,https://www.youtube.com/embed/m-RlnjITUMw
25,LIFE CHANGING | Podcast with Engineer Muhammad Ali Mirza,182031,People & Blogs,https://www.youtube.com/embed/F5hrdLsPnu4
26,#11 Michael Ennis - The Rugby League Menace  | The Bye Round Podcast with James Graham,3289,People & Blogs,https://www.youtube.com/embed/k72ZZvv9SEg
27,The Science of Making & Breaking Habits | Huberman Lab Podcast #53,1078442,Science & Technology,https://www.youtube.com/embed/Wcs2PFz5q6g
28,The Psychology of Self Motivation | Podcast #1,1832305,People & Blogs,https://www.youtube.com/embed/BDOYGO5DTxs
29,Joe Rogan Experience #1169 - Elon Musk,62031553,People & Blogs,https://www.youtube.com/embed/ycPr5-27vSI
30,Electrify America Podcast with Robert Barrosa,321,Autos & Vehicles,https://www.youtube.com/embed/1cOihBqFSa8
31,FLAT EARTH DAVE vs PROFESSOR DAVE DEBATE: A LOGICAL ANALYSIS (MINDSHOCK PODCAST),217,Entertainment,https://www.youtube.com/embed/QNBxvUE4yo8
32,Maplestory Hidden Potential Podcast Ep. 2,1339,People & Blogs,https://www.youtube.com/embed/X5X-iPc6pJ0
33,"Suicide, Depression, Marriage and much more | Neha Datta | 5 ME Podcast 47 Part-2",4833,People & Blogs,https://www.youtube.com/embed/OdrrCjGlsSg
34,AEW All Out 2022 LIVE REACTIONS! | WrestleTalk Podcast,15060,Entertainment,https://www.youtube.com/embed/zaBwYKn-R9g
35,So... Jarvis Has to Move | Sad Boyz Podcast,2809,People & Blogs,https://www.youtube.com/embed/Pfw5DyO7Z7s
36,"BBL DID (Ft. Pour Minds Podcast, Navv Greene, Nyla Symone & Mouse Jones) | Brilliant Idiots",51303,Comedy,https://www.youtube.com/embed/-la412O4t4A
37,Murdaugh Murders Podcast: Transparency or Trickery? John Marvin And The Murdaugh Money (S01E38),9433,News & Politics,https://www.youtube.com/embed/5nIVJJzhwe4
38,The Chilluminati Podcast - Episode 168 - The Coronado Group Abduction Part 3 - Alien Buffet,2879,Gaming,https://www.youtube.com/embed/1fmZ6pwavPI
39,Snap Judgments: Breaking down 21-10 Ohio State victory over Notre Dame,15832,Sports,https://www.youtube.com/embed/MfusT7NG_Sg
40,Does China Have Sex Education? - Intermediate Chinese - Chinese Conversation - Chinese Audio Podcast,3607,Education,https://www.youtube.com/embed/7Y6WMlSlFBs
41,Reacting to Viddal Breaking Zerkaaâ€™s Ribs??,48503,Entertainment,https://www.youtube.com/embed/uWUYHj8ySCo
42,Are You Garbage Comedy Podcast: Tom Thakkar - Living Dangerously,7791,Comedy,https://www.youtube.com/embed/nRmUlxlQiFI
43,Man United Halt Arsenal | ESPN FC TV Podcast,4303,Sports,https://www.youtube.com/embed/MyZIq6QosKU
44,Scientific Miracles in the Quran? | Nadir Ahmed Vs JF Gariepy | Debate Podcast,1608,Entertainment,https://www.youtube.com/embed/tMYEKxw1wgY
45,Learn English Podcast Ep.1: A Conversation about Eating Habits,528452,Education,https://www.youtube.com/embed/WhM5DwavnMA
46,Who Is The REAL Kalki Avatar? Full Explanation By Hinduism Expert Dr. Vineet | The Ranveer Show 224,700428,People & Blogs,https://www.youtube.com/embed/d5dtX8XWCfw
47,LEARN ENGLISH PODCAST: YOU MUST DO THIS TO IMPROVE FAST (+ BEST METHOD),1188733,Education,https://www.youtube.com/embed/d9NZS2P_Va4
48,"Think Fast, Talk Smart: Communication Techniques",26415020,Education,https://www.youtube.com/embed/HAnw168huqA
49,What really matters at the end of life | BJ Miller,10049492,Nonprofits & Activism,https://www.youtube.com/embed/apbSsILLh28
